Id,Reference
1,"a b ""The Ig Nobel Prize Winners"". 1 August 2006.
"
2,"""Teen repellent is Ig Nobel winner"". BBC News. 6 October 2006. Retrieved 8 May 2010.
"
3,"Maugh, Thomas (5 October 1991). ""Ig Nobel Prizes Go to Those Likely to Be Overlooked : Lampoon: MIT researchers create the new series of awards, named after the 'inventor of soda pop.' Among the first winners are Vice President Dan Quayle and imprisoned junk-bond king Michael Milken"". Los Angeles Times. Retrieved 21 January 2018.
"
4,"""Winners of the Ig® Nobel Prize"". Improbable.com. August 2006. Archived from the original on 9 January 2010. Retrieved 21 January 2018.
"
5,"""Ig Nobellian Milken, junk-bond king, now crusades for cures"". improbable.com. 14 September 2015.
"
6,"Ig Nobel prizes debut, The Tech
"
7,"""Dans la seule grotte peinte du Tarn-et-Garonne : des victimes d'un excès de zèle, Le Monde; March 24, 1992"". Presse.ffspeleo.fr. 30 October 2003. Archived from the original on 23 October 2013. Retrieved 4 August 2013.
"
8,"""Crystallographers – Yuri Timofeevich Struchkov (1926–1995) – Obituary"". IUCr. Retrieved 4 August 2013.
"
9,"""Home"" (in Russian). Ineos.ac.ru. Archived from the original on 28 June 2007. Retrieved 4 August 2013.
"
10,"Kanda, F.; Yagi, E.; Fukuda, M.; Nakajima, K.; Ohta, T.; Nakata, O. (1990). ""Elucidation of chemical compounds responsible for foot malodour"". The British Journal of Dermatology. 122 (6): 771–776. doi:10.1111/j.1365-2133.1990.tb06265.x. PMID 2369557. S2CID 6343521.
"
11,"Williams Jr, LP; Newell, KW (1970). ""Salmonella excretion in joy-riding pigs"". American Journal of Public Health and the Nation's Health. 60 (5): 926–9. doi:10.2105/ajph.60.5.926. PMC 1348911. PMID 5462567.
"
12,"Investigators, T. G. (1993). ""An International Randomized Trial Comparing Four Thrombolytic Strategies for Acute Myocardial Infarction"". New England Journal of Medicine. 329 (10): 673–682. doi:10.1056/NEJM199309023291001. hdl:1765/5468. PMID 8204123.
"
13,"Robert W Faid. 1988. Gorbachev! Has the Real Antichrist Come? Tulsa, Okla : Victory House Publishers. ISBN 978-0-932081-19-3
"
14,"Nolan, J. F.; Stillwell, T. J.; Sands Jr, J. P. (1990). ""Acute management of the zipper-entrapped penis"". The Journal of Emergency Medicine. 8 (3): 305–307. doi:10.1016/0736-4679(90)90011-J. PMID 2373840.
"
15,"""Coalition for Consumer protection & Welfare, Inc"". Pepsi349.com. Archived from the original on 17 June 2013. Retrieved 4 August 2013.
"
16,"Biological Transformations ISBN 978-0-916508-47-0
"
17,"David Michael Jacobs. 1992. Secret Life: Firsthand, Documented Accounts of UFO Abductions. New York: Simon & Schuster. ISBN 978-0-671-79720-1
"
18,"Sweeney, WB; Krafte-Jacobs, B; Britton, JW; Hansen, W (1993). ""The constipated serviceman: prevalence among deployed U.S. troops"". Military Medicine. 158 (8): 546–548. doi:10.1093/milmed/158.8.546. PMID 8414078.
"
19,"Lopez, R. A. (1993). ""Of mites and man"". Journal of the American Veterinary Medical Association. 203 (5): 606–607. PMID 8407518.
"
20,"""Baptists count the lost. 46% of Alabamians face damnation, report says"". Birmingham News. 5 September 1993. p. 1.
"
21,"Dart, R.; Gustafson, R. (1991). ""Failure of electric shock treatment for rattlesnake envenomation"". Annals of Emergency Medicine. 20 (6): 659–61. doi:10.1016/S0196-0644(05)82389-3. PMID 2039106.
"
22,"Hagelin, John S.;  et al. (30 July 1993). ""Effects of Group Practice of the Transcendental Meditation Program on Preventing Violent Crime in Washington, DC: Results of the National Demonstration Project, June–July 1993"". Institute for Science, Technology and Public Policy. Retrieved 24 May 2018.
"
23,"Improbable Research (17 May 2014). ""Inspired by the possibility that catfish caused earthquakes"". improbable.com. Retrieved 26 October 2016. However… we later discovered that the documentation for that was suspect. We had relied entirely on press accounts (from usually-reliable sources). When we found ourselves unable to verify those press reports, we retracted that prize.
"
24,"The 5th First Annual Ig Nobel Prize Ceremony, archived from the original on 12 December 2021, retrieved 23 April 2020
"
25,"Beaumont, R. H. (1990). ""Patient preference for waxed or unwaxed dental floss"". Journal of Periodontology. 61 (2): 123–125. doi:10.1902/jop.1990.61.2.123. PMID 2313529.
"
26,"Busch, D. B.; Starling, J. R. (1986). ""Rectal foreign bodies: case reports and a comprehensive review of the world's literature"". Surgery. 100 (3): 512–519. PMID 3738771.
"
27,"Shannahoff-Khalsa, D. S.; Boyle, M. R.; Buebel, M. E. (1991). ""The effects of unilateral forced nostril breathing on cognition"". The International Journal of Neuroscience. 57 (3–4): 239–249. doi:10.3109/00207459109150697. PMID 1938166.
"
28,"Georget, D. M. R.; Parker, R.; Smith, A. C. (1994). ""A study of the effects of water content on the compaction behaviour of breakfast cereal flakes"". Powder Technology. 81 (2): 189–195. doi:10.1016/0032-5910(94)02882-6.
"
29,"Watanabe, S.; Sakamoto, J.; Wakita, M. (1995). ""Pigeons' discrimination of paintings by Monet and Picasso"". Journal of the Experimental Analysis of Behavior. 63 (2): 165–174. doi:10.1901/jeab.1995.63-165. PMC 1334394. PMID 16812755.
"
30,"Bakkevig, M. K.; Nielsen, R. (1994). ""Impact of wet underwear on thermoregulatory responses and thermal comfort in the cold"". Ergonomics. 37 (8): 1375–1389. doi:10.1080/00140139408964916. PMID 7925261.
"
31,"The 6th First Annual Ig Nobel Prize Ceremony, archived from the original on 12 December 2021, retrieved 23 April 2020
"
32,"The Original Pink Flamingos: Splendor on the Grass (ISBN 978-0-7643-0963-2)
"
33,"Baerheim, A; Sandvik, H (1994). ""Effect of ale, garlic, and soured cream on the appetite of leeches"". BMJ (Clinical Research Ed.). 309 (6970): 1689. doi:10.1136/bmj.309.6970.1689. PMC 2542668. PMID 7819987.
"
34,"YouTube video, showing the world record BBQ igniting
"
35,"Genco, R.; Ho, A.; Grossi, S.; Dunford, R.; Tedesco, L. (1999). ""Relationship of stress, distress and inadequate coping behaviors to periodontal disease"" (PDF). Journal of Periodontology. 70 (7): 711–723. doi:10.1902/jop.1999.70.7.711. hdl:2027.42/141682. PMID 10440631.
"
36,"Matthews, R. A. J. (1995). ""Tumbling toast, Murphy's Law and the fundamental constants"". European Journal of Physics. 16 (4): 172–176. Bibcode:1995EJPh...16..172M. doi:10.1088/0143-0807/16/4/005. S2CID 120029095.
"
37,"Kleist, E; Moi, H (1993). ""Transmission of gonorrhoea through an inflatable doll"". Genitourinary Medicine. 69 (4): 322. doi:10.1136/sti.69.4.322. PMC 1195099. PMID 7721299.
"
38,"""ig.97.html"". www.improbable.com. Retrieved 23 April 2020.
"
39,"The Monuments of Mars: A City on the Edge of Forever (ISBN 978-1-883319-30-4)
"
40,"Yagyu, T.; Kondakor, I.; Kochi, K.; Koenig, T.; Lehmann, D.; Kinoshita, T.; Hirota, T.; Yagyu, T. (1998). ""Smell and taste of chewing gum affect frequency domain eeg source localizations"". International Journal of Neuroscience. 93 (3–4): 205–216. doi:10.3109/00207459808986426. PMID 9639238. S2CID 24971597.
"
41,"Witztum, D.; Rips, E.; Rosenberg, Y. (1994). ""Equidistant Letter Sequences in the Book of Genesis"". Statistical Science. 9 (3): 429–438. doi:10.1214/ss/1177010393.
"
42,"Charnetski, C. J.; Brennan Jr, F. X.; Harrison, J. F. (1998). ""Effect of music and auditory stimuli on secretory immunoglobulin A (IgA)"". Perceptual and Motor Skills. 87 (3 Pt 2): 1163–1170. doi:10.2466/pms.1998.87.3f.1163. PMID 10052073. S2CID 23661382.
"
43,"Vonnegut, B. (1975). ""Chicken Plucking as Measure of Tornado Wind Speed"". Weatherwise. 28 (5): 217. doi:10.1080/00431672.1975.9931768.
"
44,"Hiliman, H. (1993). ""The possible pain experienced during execution by different methods"". Perception. 22 (6): 745–821. doi:10.1068/p220745. PMID 8255703. S2CID 28706073.
"
45,"""The 1998 Ig ® Nobel Prize Ceremony"". www.improbable.com. Retrieved 23 April 2020.
"
46,"J. Benveniste; P. Jurgens, W. Hsueh and J. Aissa ( 21–26 February 1997). ""Transatlantic Transfer of Digitized Antigen Signal by Telephone Link"". Journal of Allergy and Clinical Immunology.
"
47,"Fong, P. P.; Huminski, P. T.; D'Urso, L. M. (1998). ""Induction and potentiation of parturition in fingernail clams (Sphaerium striatinum) by selective serotonin re-uptake inhibitors (SSRIs)"". Journal of Experimental Zoology. 280 (3): 260–264. doi:10.1002/(SICI)1097-010X(19980215)280:3<260::AID-JEZ7>3.0.CO;2-L. PMID 9472482.
"
48,"Engr. Dennis D. ""Richard Seed"". Humancloning.org. Retrieved 4 August 2013.
"
49,"Sidoli, M. (1996). ""Farting as a defence against unspeakable dread"". Journal of Analytical Psychology. 41 (2): 165–178. doi:10.1111/j.1465-5922.1996.00165.x.
"
50,"Mills, C.; Llewelyn, M.; Kelly, D.; Holt, P. (1996). ""A man who pricked his finger and smelled putrid for 5 years"". The Lancet. 348 (9037): 1282. doi:10.1016/S0140-6736(96)06408-2. PMID 8909382. S2CID 206009417.
"
51,"Quantum Healing: Exploring the Frontiers of Mind/Body Medicine (ISBN 978-0-553-34869-9) et al.
"
52,"Siminoski, K.; Bain, J. (1988). ""The relationships among height, penile length, and foot size"". Annals of Sex Research. 6 (3): 231–235. doi:10.1007/BF00849563. S2CID 198915780.
"
53,"""The 1999 Ig Nobel Prize Ceremony"". www.improbable.com.
"
54,"Fisher, L. (1999). ""Physics takes the biscuit"". Nature. 397 (6719): 469. Bibcode:1999Natur.397..469F. doi:10.1038/17203. S2CID 4404966.
"
55,"""Special announcement in 2012 ceremony"". August 2006.
"
56,"Vanden-Broeck, J. M.; Keller, J. B. (1986). ""Pouring flows"". Physics of Fluids. 29 (12): 3958. Bibcode:1986PhFl...29.3958V. doi:10.1063/1.865735.
"
57,"""Former Students – P"". Yorku.ca. Retrieved 4 August 2013.
"
58,"""About the 2000 Ig™ Nobel Prize Ceremony, and related events"". Improbable Research. Retrieved 23 April 2020.
"
59,"Wassersug, Richard (July 1971). ""On the Comparative Palatability of Some Dry-Season Tadpoles from Costa Rica"". The American Midland Naturalist. 86 (1): 101–109. doi:10.2307/2423690. JSTOR 2423690.
"
60,"Marazziti, D.; Akiskal, H. S.; Rossi, A.; Cassano, G. B. (1999). ""Alteration of the platelet serotonin transporter in romantic love"". Psychological Medicine. 29 (3): 741–745. doi:10.1017/S0033291798007946. PMID 10405096. S2CID 12630172.
"
61,"Schultz, W. W.; Van Andel, P.; Sabelis, I.; Mooyaart, E. (1999). ""Magnetic resonance imaging of male and female genitals during coitus and female sexual arousal"". BMJ (Clinical Research Ed.). 319 (7225): 1596–1600. doi:10.1136/bmj.319.7225.1596. PMC 28302. PMID 10600954.
"
62,"""Shell ban under fire"". BBC News. 21 May 2000. Retrieved 4 August 2013.
"
63,"Berry, M. V.; Geim, A. K. (1997). ""Of flying frogs and levitrons"" (PDF). European Journal of Physics. 18 (4): 307–313. Bibcode:1997EJPh...18..307B. doi:10.1088/0143-0807/18/4/012. S2CID 250889203.
"
64,"""China building ""Artificial Moon"" that simulates low gravity with magnets"". Futurism.com. Recurrent Ventures. Retrieved 17 January 2022. Interestingly, the facility was partly inspired by previous research conducted by Russian physicist Andrew Geim in which he floated a frog with a magnet. The experiment earned Geim the Ig Nobel Prize in Physics, a satirical award given to unusual scientific research. It’s cool that a quirky experiment involving floating a frog could lead to something approaching an honest-to-God antigravity chamber.
"
65,"Stephen Chen (12 January 2022). ""China has built an artificial moon that simulates low-gravity conditions on Earth"". South China Morning Post. Retrieved 17 January 2022. It is said to be the first of its kind and could play a key role in the country’s future lunar missions. Landscape is supported by a magnetic field and was inspired by experiments to levitate a frog.
"
66,"Kruger, J; Dunning, D (1999). ""Unskilled and unaware of it: how difficulties in recognizing one's own incompetence lead to inflated self-assessments"". Journal of Personality and Social Psychology. 77 (6): 1121–34. CiteSeerX 10.1.1.64.2655. doi:10.1037/0022-3514.77.6.1121. PMID 10626367.
"
67,"Wyatt, JP; McNaughton, GW; Tullett, WM (1993). ""The collapse of toilets in Glasgow"". Scottish Medical Journal. 38 (6): 185. doi:10.1177/003693309303800609. PMID 8146638. S2CID 25430948.
"
68,"Kopczuk, W.; Slemrod, J. (2003). ""Dying to Save Taxes: Evidence from Estate-Tax Returns on the Death Elasticity"". Review of Economics and Statistics. 85 (2): 256–265. CiteSeerX 10.1.1.117.1898. doi:10.1162/003465303765299783. S2CID 9175711.
"
69,"Harding, Lesley (15 October 2001). ""Business prof wins not so noble Nobel"". University Record. Retrieved 21 May 2015.
"
70,"""Dr. Peter Barss"". Archived from the original on 30 April 2005. Retrieved 21 May 2005.
"
71,"Barss, P. (1984). ""Injuries due to falling coconuts"". The Journal of Trauma. 24 (11): 990–991. doi:10.1097/00005373-198411000-00012. PMID 6502774. S2CID 8241135.
"
72,"Anthony Ramirez (15 July 2001). ""How to Avoid Being Attacked in the Shower"". The New York Times. Retrieved 4 October 2010.
"
73,"Sherman, L. W. (1975). ""An ecological study of glee in small groups of preschool children"". Child Development. 46 (1): 53–61. doi:10.2307/1128833. JSTOR 1128833. PMID 1132281.
"
74,"Andrade, C.; Srihari, B. S. (2001). ""A preliminary survey of rhinotillexomania in an adolescent sample"". The Journal of Clinical Psychiatry. 62 (6): 426–431. doi:10.4088/JCP.v62n0605. PMID 11465519.
"
75,"Bubier, N. E.; Paxton, C. G. M.; Bowers, P.; Deeming, D. C. (1998). ""Courtship behaviour of ostriches ( Struthio camelus ) towards humans under farming conditions in Britain"". British Poultry Science. 39 (4): 477–481. doi:10.1080/00071669888629. PMID 9800029.
"
76,"Video of Lavakan product Archived 3 October 2010 at the Wayback Machine
"
77,"Silvers, V.; Kreiner, D. (1997). ""The effects of pre-existing inappropriate highlighting on reading comprehension"". Literacy Research and Instruction. 36 (3): 217–223. doi:10.1080/19388079709558240.
"
78,"Sreekumar, K. P.; Nirmalan, G. (1990). ""Estimation of the total surface area in Indian elephants (Elephas maximus indicus)"". Veterinary Research Communications. 14 (1): 5–17. doi:10.1007/BF00346377. PMID 2316192. S2CID 3342178.
"
79,"McManus, I. C. (1976). ""Scrotal asymmetry in man and in ancient sculpture"". Nature. 259 (5542): 426. Bibcode:1976Natur.259..426M. doi:10.1038/259426b0. PMID 765841. S2CID 4252913.
"
80,"Leike, A. (2002). ""Demonstration of the exponential decay law using beer froth"". European Journal of Physics. 23 (1): 21–26. Bibcode:2002EJPh...23...21L. CiteSeerX 10.1.1.693.5948. doi:10.1088/0143-0807/23/1/304. S2CID 250873501.
"
81,"Moeliker, C.W. (9 November 2001). ""The first case of homosexual necrophilia in the mallard Anas platyrhynchos (Aves: Anatidae)"" (PDF). Deinsea. 8: 243–247. ISSN 0923-9308. Retrieved 14 January 2016.
"
82,"""Fending off annoying birds from Daily Yomiuri"". Archived from the original on 9 October 2004. Retrieved 13 October 2014.
"
83,"Grove, Jennifer Van (14 April 2011). ""Airbnb Lets You Rent a Country ... For $70K a Night"". Mashable.
"
84,"Ghirlanda, S.; Jansson, L.; Enquist, M. (2002). ""Chickens prefer beautiful humans"" (PDF). Human Nature. 13 (3): 383–389. doi:10.1007/s12110-002-1021-6. PMID 26192929. S2CID 14621972.
"
85,"Maguire, E. A.; Gadian, D. G.; Johnsrude, I. S.; Good, C. D.; Ashburner, J.; Frackowiak, R. S. J.; Frith, C. D. (2000). ""Navigation-related structural change in the hippocampi of taxi drivers"". Proceedings of the National Academy of Sciences. 97 (8): 4398–4403. Bibcode:2000PNAS...97.4398M. doi:10.1073/pnas.070039597. PMC 18253. PMID 10716738.
"
86,"Harvey, J. T.; Culvenor, J.; Payne, W.; Cowley, S.; Lawrance, M.; Stuart, D.; Williams, R. (2002). ""An analysis of the forces required to drag sheep over various surfaces"". Applied Ergonomics. 33 (6): 523–531. doi:10.1016/S0003-6870(02)00071-6. hdl:1959.17/62427. PMID 12507336.
"
87,"Caprara, G. V.; Barbaranelli, C.; Zimbardo, P. G. (1997). ""Politicians' uniquely simple personalities"". Nature. 385 (6616): 493. Bibcode:1997Natur.385..493C. doi:10.1038/385493a0. S2CID 45115966.
"
88,"Wahlberg, M. (2003). ""Sounds produced by herring (Clupea harengus) bubble release"". Aquatic Living Resources. 16 (3): 271–290. doi:10.1016/S0990-7440(03)00017-2.
"
89,"Wilson, B.; Batty, R.; Dill, L. (2004). ""Pacific and Atlantic herring produce burst pulse sounds"". Proceedings: Biological Sciences. 271 Suppl 3 (Suppl 3): S95–S97. doi:10.1098/rsbl.2003.0107. PMC 1809969. PMID 15101430.
"
90,"Aired 16 April 2012. ""SVT Vetenskapens Värld: ""Ig Nobel"" Archived 27 April 2012 at the Wayback Machine"" (in Swedish). SVT.
"
91,"Lawrence, Felicity (20 March 2004). ""Things get worse with Coke"". The Guardian – via www.theguardian.com.
"
92,"Rai, Saritha (13 June 2004). ""Short on Priests, U.S. Catholics Outsource Prayers to Indian Clergy"". The New York Times.
"
93,"Stack, S.; Gundlach, J. (1992). ""The Effect of Country Music on Suicide"". Social Forces. 71: 211–218. doi:10.1093/sf/71.1.211.
"
94,"F. Chilargi, ""Link between suicide and country music, Wayne State [Ig] Nobel Prize laureate says"" The South End (Detroit) 3 December 2004, p. 1
"
95,"Balasubramaniam, R.; Turvey, M. T. (2004). ""Coordination modes in the multisegmental dynamics of hula hooping"". Biological Cybernetics. 90 (3): 176–190. doi:10.1007/s00422-003-0460-4. PMID 15052481. S2CID 4180504.
"
96,"Simons, D. J.; Chabris, C. F. (1999). ""Gorillas in our midst: Sustained inattentional blindness for dynamic events"". Perception. 28 (9): 1059–1074. CiteSeerX 10.1.1.65.8130. doi:10.1068/p2952. PMID 10694957.
"
97,"""If You Drop It, Should You Eat It? Scientists Weigh in on the 5-Second Rule"". College of Agricultural, Consumer and Environmental Sciences.
"
98,"Watson, J. (2004). ""The Significance of Mr. Richard Buckley's Exploding Trousers: Reflections on an Aspect of Technological Change in New Zealand Dairy Farming between the World Wars"". Agricultural History. 78 (3): 346–360. doi:10.1525/ah.2004.78.3.346.
"
99,"Smith, B. P. C.; Williams, C. R.; Tyler, M. J.; Williams, B. D. (2004). ""A survey of frog odorous secretions, their possible functions and phylogenetic significance"". Applied Herpetology. 2: 47–82. doi:10.1163/1570754041231587. S2CID 84621337.
"
100,"Smith, B. P. C.; Tyler, M. J.; Williams, B. D.; Hayasaka, Y. (2003). ""Chemical and olfactory characterization of odorous compounds and their precursors in the parotoid gland secretion of the green tree frog, Litoria caerulea"". Journal of Chemical Ecology. 29 (9): 2085–2100. doi:10.1023/A:1025686418909. PMID 14584677. S2CID 346637.
"
101,"Gettelfinger, B.; Cussler, E. L. (2004). ""Will humans swim faster or slower in syrup?"". AIChE Journal. 50 (11): 2646–2647. doi:10.1002/aic.10389. S2CID 93709870.
"
102,"""Swimming in goop nets researchers an Ig Nobel Prize: UMNnews: U of M"". .umn.edu. Archived from the original on 31 December 2008. Retrieved 4 August 2013.
"
103,"Meyer-Rochow, V. B.; Gal, J. (2003). ""Pressures produced when penguins pooh?calculations on avian defaecation"". Polar Biology. 27: 56–58. doi:10.1007/s00300-003-0563-3. S2CID 43386022.
"
104,"Rind, FC; Simmons, Peter (1992). ""Orthopteran DCMD neuron: a reevaluation of responses to moving objects. I. Selective responses to approaching objects"". Journal of Neurophysiology. 68 (5): 1654–1666. doi:10.1152/jn.1992.68.5.1654. PMID 1479436. S2CID 14539934.
"
105,"Edgeworth, R.; Dalton, B. J.; Parnell, T. (1984). ""The pitch drop experiment"". European Journal of Physics. 5 (4): 198–200. Bibcode:1984EJPh....5..198E. doi:10.1088/0143-0807/5/4/003. S2CID 119570811.
"
106,"Halpern, DL; Blake, R; Hillenbrand, J (1986). ""Psychoacoustics of a chilling sound"". Perception & Psychophysics. 39 (2): 77–80. doi:10.3758/bf03211488. PMID 3725541.
"
107,"Knols, B. (1996). ""On human odour, malaria mosquitoes, and Limburger cheese"". The Lancet. 348 (9037): 1322. doi:10.1016/S0140-6736(05)65812-6. PMID 8909415. S2CID 12571262.
"
108,"Mulet, A.; Benedito, J.; Bon, J.; Rossello, C. (1999). ""Ultrasonic Velocity in Cheddar Cheese as Affected by Temperature"". Journal of Food Science. 64 (6): 1038–1041. doi:10.1111/j.1365-2621.1999.tb12277.x.
"
109,"Oppenheimer, D. M. (2006). ""Consequences of erudite vernacular utilized irrespective of necessity: problems with using long words needlessly"". Applied Cognitive Psychology. 20 (2): 139–156. doi:10.1002/acp.1178. S2CID 16375001.
"
110,"""The chance of taking a blink-free photo"". Radio National. 19 May 2006. Retrieved 13 October 2014.
"
111,"Fesmire, F. (1988). ""Termination of intractable hiccups with digital rectal massage"". Annals of Emergency Medicine. 17 (8): 872. doi:10.1016/S0196-0644(88)80594-8. PMID 3395000.
"
112,"Al-Houty, W. (1997). ""Dung preference of the dung beetleScarabaeus cristatusFab (Coleoptera-Scarabaeidae) from Kuwait"". Journal of Arid Environments. 35 (3): 511–516. Bibcode:1997JArEn..35..511A. doi:10.1006/jare.1996.0179.
"
113,"Schwab, I. R. (2002). ""Cure for a headache"". British Journal of Ophthalmology. 86 (8): 843. doi:10.1136/bjo.86.8.843. PMC 1771249.
"
114,"Audoly, B.; Neukirch, S. (2005). ""Fragmentation of Rods by Cascading Cracks: Why Spaghetti Does Not Break in Half"". Physical Review Letters. 95 (9): 095505. Bibcode:2005PhRvL..95i5505A. doi:10.1103/PhysRevLett.95.095505. PMID 16197227. S2CID 9618208.
"
115,"Agostino, P. V.; Plano, S. A.; Golombek, D. A. (2007). ""Sildenafil accelerates reentrainment of circadian rhythms after advancing light schedules"". Proceedings of the National Academy of Sciences. 104 (23): 9834–9. Bibcode:2007PNAS..104.9834A. doi:10.1073/pnas.0703388104. PMC 1887561. PMID 17519328.
"
116,"Plano, S.; Agostino, P.; Golombek, D. (2007). ""Extracellular nitric oxide signaling in the hamster biological clock"". FEBS Letters. 581 (28): 5500–5504. doi:10.1016/j.febslet.2007.10.058. PMID 17991439. S2CID 34648625.
"
117,"Rijckaert, G.; Bronswijk, J. E. M. H.; Linskens, H. F. (1981). ""House-dust community (Fungi, mites) in different climatic regions"". Oecologia. 48 (2): 183–185. Bibcode:1981Oecol..48..183R. doi:10.1007/BF00347961. PMID 28309797. S2CID 22874874.
"
118,"Yamamoto, M.; Futamura, Y.; Fujioka, K.; Yamamoto, K. (2008). ""Novel Production Method for Plant Polyphenol from Livestock Excrement Using Subcritical Water Reaction"". International Journal of Chemical Engineering. 2008: 1–5. doi:10.1155/2008/603957.
"
119,"""United States Patent: 6219959 Net trapping system for capturing a robber immediately"". Patft.uspto.gov. Retrieved 4 August 2013.
"
120,"Toro, J. M.; Trobalon, J. B.; Sebastián-Gallés, N. (2005). ""Effects of Backward Speech and Speaker Variability in Language Discrimination by Rats"". Journal of Experimental Psychology: Animal Behavior Processes. 31 (1): 95–100. doi:10.1037/0097-7403.31.1.95. PMID 15656730. S2CID 6235050.
"
121,"Glenda Browne (April 2001). ""The Definite Article: Acknowledging 'The' in Index Entries"". The Indexer. 22 (3): 119–22. doi:10.3828/indexer.2001.22.3.4.
"
122,"Witcombe, B.; Meyer, D. (2006). ""Sword swallowing and its side effects"". BMJ. 333 (7582): 1285–1287. doi:10.1136/bmj.39027.676690.55. PMC 1761150. PMID 17185708.
"
123,"Wansink, B.; Painter, J. E.; North, J. (2005). ""Bottomless Bowls: Why Visual Cues of Portion Size May Influence Intake**"". Obesity. 13 (1): 93–100. doi:10.1038/oby.2005.12. PMID 15761167. S2CID 1761759.
"
124,"Ashley, O'Rene (11 October 2013). ""The U.S. Military Once Proposed a ""Gay"" Bomb"". Gizmodo. Retrieved 9 November 2013.
"
125,"Cerda, E.; Mahadevan, L. (1998). ""Conical Surfaces and Crescent Singularities in Crumpled Sheets"". Physical Review Letters. 80 (11): 2358–2361. Bibcode:1998PhRvL..80.2358C. doi:10.1103/PhysRevLett.80.2358. S2CID 121528664.
"
126,"Improbable Research Retrieved on 3 October 2008.
"
127,"Araujo, A. G. M.; Marcelino, J. C. (2003). ""The role of armadillos in the movement of archaeological materials: an experimental approach"". Geoarchaeology. 18 (4): 433–460. CiteSeerX 10.1.1.182.9723. doi:10.1002/gea.10070. S2CID 16653586.
"
128,"Reebs, Stephan (September 2003). ""Experiment of the month"". Natural History. American Museum of Natural History. Archived from the original on 7 October 2008. Retrieved 3 October 2008.
"
129,"Cadiergues, M. (2000). ""A comparison of jump performances of the dog flea, Ctenocephalides canis (Curtis, 1826) and the cat flea, Ctenocephalides felis felis (Bouché, 1835)"". Veterinary Parasitology. 92 (3): 239–990. doi:10.1016/S0304-4017(00)00274-0. PMID 10962162.
"
130,"Umpierre, S. A; Hill, J. A; Anderson, D. J (1985). ""Effect of Coke on Sperm Motility"". New England Journal of Medicine. 313 (21): 1351. doi:10.1056/NEJM198511213132111. PMID 4058526.
"
131,"Hong, C. Y.; Shieh, C. C.; Wu, P.; Chiang, B. N. (1987). ""The Spermicidal Potency of Coca-Cola and Pepsi-Cola"". Human & Experimental Toxicology. 6 (5): 395–396. doi:10.1177/096032718700600508. PMID 3679247. S2CID 7830790.
"
132,"Mikkelson, Barbara (16 March 2007). ""Killer Sperm: Coca-Cola Spermicide"". Snopes. Retrieved 3 October 2008.
"
133,"Nakagaki, T.; Yamada, H.; Tóth, Á. . (2000). ""Maze-solving by an amoeboid organism"". Nature. 407 (6803): 470. Bibcode:2000Natur.407..470N. doi:10.1038/35035159. PMID 11028990. S2CID 205009141.
"
134,"Phillips, Tony (October 2000). ""Math in the Media"". American Mathematical Society. Retrieved 3 October 2008. {{cite journal}}: Cite journal requires |journal= (help)
"
135,"Miller, G.; Tybur, J.; Jordan, B. (2007). ""Ovulatory cycle effects on tip earnings by lap dancers: economic evidence for human estrus?☆☆"". Evolution and Human Behavior. 28 (6): 375–381. CiteSeerX 10.1.1.154.8176. doi:10.1016/j.evolhumbehav.2007.06.002.
"
136,"Sims, D. (2005). ""You Bastard: A Narrative Exploration of the Experience of Indignation within Organizations"". Organization Studies. 26 (11): 1625–1640. doi:10.1177/0170840605054625. S2CID 145611326.
"
137,"Abrahams, Robin (16 May 2008). ""Best. Paper. Ever"". The Boston Globe Magazine. Miss Conduct's Blog. P. Steven Ainsley. Retrieved 3 October 2008.
"
138,"Waber, R. L.; Shiv, B.; Carmon, Z.; Ariely, D. (2008). ""Commercial Features of Placebo and Therapeutic Efficacy"". Journal of the American Medical Association. 299 (9): 1016–1017. doi:10.1001/jama.299.9.1016. PMID 18319411.
"
139,"""Price of a Medication May Affect How Well It Works"". Stanford Graduate School of Business. March 2008. Retrieved 3 October 2008. {{cite journal}}: Cite journal requires |journal= (help)
"
140,"Zampini, M.; Spence, C. (2004). ""The Role of Auditory Cues in Modulating the Perceived Crispness and Staleness of Potato Chips"". Journal of Sensory Studies. 19 (5): 347–363. doi:10.1111/j.1745-459x.2004.080403.x.
"
141,"Abrahams, Marc (23 May 2006). ""Crisp sounds: An experiment to get your teeth into"". The Guardian. London. Retrieved 3 October 2008.
"
142,"""Dignity of living beings"". Federal Ethics Committee on Non-Human Biotechnology (ECNH). Archived from the original on 6 October 2008. Retrieved 3 October 2008. {{cite journal}}: Cite journal requires |journal= (help)
"
143,"Raymer, D. M.; Smith, D. E. (2007). ""Spontaneous knotting of an agitated string"". Proceedings of the National Academy of Sciences. 104 (42): 16432–16437. Bibcode:2007PNAS..10416432R. doi:10.1073/pnas.0611320104. PMC 2034230. PMID 17911269.
"
144,"Taguchi, F. (2001). ""Microbial treatment of kitchen refuse with enzyme-producing thermophilic bacteria from Giant Panda feces"". Journal of Bioscience and Bioengineering. 92 (6): 602–606. doi:10.1016/S1389-1723(01)80326-1.
"
145,"""Microbial Treatment of Food-Production Waste with Thermopile Enzyme-Producing Bacterial Flora from a Giant Panda"". Sciencelinks.jp. 18 March 2009. Archived from the original on 17 November 2013. Retrieved 4 August 2013.
"
146,"""Tequila is surprise raw material for diamond films"". New Scientist. 20 June 2008.
"
147,"Javier Morales; Miguel Apátiga; Castaño (2008). ""Growth of Diamond Films from Tequila"". arXiv:0806.1485v1 [cond-mat.mtrl-sci].
"
148,"""The mystery of Ireland's worst driver"". BBC News. 19 February 2009. Retrieved 8 May 2010.
"
149,"Unger, D. L. (1998). ""Does knuckle cracking lead to arthritis of the fingers?"". Arthritis & Rheumatism. 41 (5): 949–950. doi:10.1002/1529-0131(199805)41:5<949::AID-ART36>3.0.CO;2-3. PMID 9588755. S2CID 7029759.
"
150,"Bolliger, S.; Ross, S.; Oesterhelweg, L.; Thali, M.; Kneubuehl, B. (2009). ""Are full or empty beer bottles sturdier and does their fracture-threshold suffice to break the human skull?"". Journal of Forensic and Legal Medicine. 16 (3): 138–142. doi:10.1016/j.jflm.2008.07.013. PMID 19239964.
"
151,"Whitcome, K. K.; Shapiro, L. J.; Lieberman, D. E. (2007). ""Fetal load and the evolution of lumbar lordosis in bipedal hominins"". Nature. 450 (7172): 1075–1078. Bibcode:2007Natur.450.1075W. doi:10.1038/nature06342. PMID 18075592. S2CID 10158.
"
152,".mw-parser-output .citation{word-wrap:break-word}.mw-parser-output .citation:target{background-color:rgba(0,127,255,0.133)}US 7255627  ""Garment device convertible to one or more facemasks""
"
153,"Bertenshaw, C.; Rowlinson, P. (2009). ""Exploring Stock Managers' Perceptions of the Human–Animal Relationship on Dairy Farms and an Association with Milk Production"". Anthrozoös. 22: 59–69. doi:10.2752/175303708X390473. S2CID 145538403.
"
154,"Tan, M.; Jones, G.; Zhu, G.; Ye, J.; Hong, T.; Zhou, S.; Zhang, S.; Zhang, L. (2009).  Hosken, David (ed.). ""Fellatio by Fruit Bats Prolongs Copulation Time"". PLOS ONE. 4 (10): e7595. Bibcode:2009PLoSO...4.7595T. doi:10.1371/journal.pone.0007595. PMC 2762080. PMID 19862320.
"
155,"Project Deep Spill Archived 4 October 2010 at the Wayback Machine
"
156,"Acevedo-Whitehouse, K. .; Rocha-Gosselin, A. .; Gendron, D. . (2010). ""A novel non-invasive tool for disease surveillance of free-ranging whales and its relevance to conservation programs"". Animal Conservation. 13 (2): 217–225. doi:10.1111/j.1469-1795.2009.00326.x. S2CID 86518859.
"
157,"Pluchino, Alessandro; Rapisarda, Andrea; Garofalo, Cesare (2010). ""The Peter Principle Revisited: A Computational Study"". Physica A: Statistical Mechanics and Its Applications. 389 (3): 467–472. arXiv:0907.0455. Bibcode:2010PhyA..389..467P. doi:10.1016/j.physa.2009.09.045. S2CID 9077554.
"
158,"Rietveld, S.; Van Beest, I. (2007). ""Rollercoaster asthma: when positive emotional stress interferes with dyspnea perception"". Behaviour Research and Therapy. 45 (5): 977–987. doi:10.1016/j.brat.2006.07.009. PMID 16989773.
"
159,"Stephens, R.; Atkins, J.; Kingston, A. (2009). ""Swearing as a response to pain"". NeuroReport. 20 (12): 1056–60. doi:10.1097/WNR.0b013e32832e64b1. PMID 19590391. S2CID 14705045.
"
160,"Parkin, L.; Williams, S. M.; Priest, P. (2009). ""Preventing winter falls: A randomised controlled trial of a novel intervention"". The New Zealand Medical Journal. 122 (1298): 31–38. PMID 19680302.
"
161,"Barbeito, M.; Mathews, C.; Taylor, L. (1967). ""Microbiological laboratory hazard of bearded men"". Applied Microbiology. 15 (4): 899–906. doi:10.1128/AEM.15.4.899-906.1967. PMC 547091. PMID 4963447.
"
162,"Tero, A. .; Takagi, S. .; Saigusa, T. .; Ito, K. .; Bebber, D. .; Fricker, M. .; Yumiki, K. .; Kobayashi, R. .; Nakagaki, T. . (2010). ""Rules for biologically inspired adaptive network design"". Science. 327 (5964): 439–442. Bibcode:2010Sci...327..439T. CiteSeerX 10.1.1.225.9609. doi:10.1126/science.1177894. PMID 20093467. S2CID 5001773.
"
163,"Gwynne, D. T.; Rentz, D. C. F. (1983). ""Beetles on the Bottle: Male Buprestids Mistake Stubbies for Females (Coleoptera)"". Australian Journal of Entomology. 22: 79–80. doi:10.1111/j.1440-6055.1983.tb01846.x.
"
164,"Levenstein, Steve. ""Wasabi Silent Fire Alarm Alerts the Deaf with the Power of Scent"". InvestorSpot.
"
165,"""Odor Generation Alarm And Method For Informing Unusual Situation"". 5 February 2009. Retrieved 4 August 2013.
"
166,"Perry, John (23 February 1996). ""Chronicle of Higher Education: How to Procrastinate and Still Get Things Done (the original 1996 article)"". The Chronicle of Higher Education. Retrieved 4 August 2013.
"
167,"""Structured Procrastination website"". Structuredprocrastination.com. Retrieved 4 August 2013.
"
168,"Troop, Don (29 September 2011). ""15 Years After an Essay on Procrastination, a Philosopher Wins an Ig Nobel (& his reaction)"". The Chronicle of Higher Education. Retrieved 3 November 2011.
"
169,"Tuk, M. A.; Trampe, D.; Warlop, L. (2011). ""Inhibitory Spillover: Increased Urination Urgency Facilitates Impulse Control in Unrelated Domains"" (PDF). Psychological Science. 22 (5): 627–633. doi:10.1177/0956797611404901. hdl:10044/1/10464. PMID 21467548. S2CID 13896846.
"
170,"Lewis, M. S.; Snyder, P. J.; Pietrzak, R. H.; Darby, D.; Feldman, R. A.; Maruff, P. (2011). ""The effect of acute increase in urge to void on cognitive function in healthy adults"". Neurourology and Urodynamics. 30 (1): 183–187. doi:10.1002/nau.20963. PMID 21058363. S2CID 28730291.
"
171,"Peckham, Matt (3 August 2011). ""Time Newsfeed: Watch: Lithuanian Mayor Crushes Illegally Parked Car With a Tank"". Time. Retrieved 4 August 2013.
"
172,"""Official City Info"". Archived from the original on 4 June 2015. Retrieved 13 October 2014.
"
173,"John Reed (5 August 2011). ""Video: APC Crushes Illegally Parked Cars"". Defensetech.org. Retrieved 4 August 2013.
"
174,"Teigen, K. H. (2008). ""Is a sigh ""just a sigh""? Sighs as emotional signals and responses to a difficult task"". Scandinavian Journal of Psychology. 49 (1): 49–57. doi:10.1111/j.1467-9450.2007.00599.x. PMID 18190402.
"
175,"Philippe Perrin, C. P.; Perrot, C.; Deviterne, D.; Ragaru, B.; Kingma, H. (2000). ""Dizziness in Discus Throwers is Related to Motion Sickness Generated While Spinning"". Acta Oto-Laryngologica. 120 (3): 390–395. doi:10.1080/000164800750000621. PMID 10894415. S2CID 35636534.
"
176,"""No evidence of contagious yawning in the red-footed tortoise Geochelone carbonaria"". Actazool.org. Archived from the original on 30 March 2012. Retrieved 4 August 2013.
"
177,"""Video from experiments"". Youtube.com. Archived from the original on 12 December 2021. Retrieved 4 August 2013.
"
178,"Kurihara, Kazutaka; Tsukada, Koji (2012). ""SpeechJammer: A System Utilizing Artificial Speech Disturbance with Delayed Auditory Feedback"". arXiv:1202.6106 [cs.HC].
"
179,"De Waal, F. B. M.; Pokorny, J. J. (2008). ""Faces and Behinds: Chimpanzee Sex Perception"". Advanced Science Letters. 1: 99–103. doi:10.1166/asl.2008.006. S2CID 74183.
"
180,"""The Local – Sweden's News in English. 'New homes' turn Swedes' hair green Published December 17, 2011"". Thelocal.se. 17 December 2011. Retrieved 4 August 2013.
"
181,"Mayer, H.; Krechetnikov, R. (2012). ""Walking with coffee: Why does it spill?"". Physical Review E. 85 (4): 046117. Bibcode:2012PhRvE..85d6117M. doi:10.1103/PhysRevE.85.046117. PMID 22680548.
"
182,"Office, U. S. Government Accountability (10 May 2012). ""Actions Needed to Evaluate the Impact of Efforts to Estimate Costs of Reports and Studies GAO-12-480R, May 10, 2012"" (GAO-12-480R). Gao.gov. Retrieved 4 August 2013. {{cite journal}}: Cite journal requires |journal= (help)
"
183,"Ladas, S. D.; Karamanolis, G.; Ben-Soussan, E. (2007). ""Colonic gas explosion during therapeutic colonoscopy with electrocautery"". World Journal of Gastroenterology. 13 (40): 5295–5298. doi:10.3748/wjg.v13.i40.5295. PMC 4171316. PMID 17879396.
"
184,"Ben-Soussan, E.; Antonietti, M.; Savoye, G.; Herve, S.; Ducrott??, P.; Lerebours, E. (2004). ""Argon plasma coagulation in the treatment of hemorrhagic radiation proctitis is efficient but requires a perfect colonic cleansing to be safe"". European Journal of Gastroenterology & Hepatology. 16 (12): 1315–8. doi:10.1097/00042737-200412000-00013. PMID 15618838. S2CID 9655672.
"
185,"Bennett, C. M.; Miller, M. B.; Wolford, G. L. (2009). ""Neural correlates of interspecies perspective taking in the post-mortem Atlantic Salmon: An argument for multiple comparisons correction"" (PDF). NeuroImage. 47: S125. CiteSeerX 10.1.1.161.8384. doi:10.1016/S1053-8119(09)71202-9. S2CID 220973284.
"
186,"""Russian engineer wins Ig Nobel Prize for nano-diamonds"". English.pravda.ru. 21 September 2012. Retrieved 4 August 2013.
"
187,"""Двое россиян получили Шнобелевскую премию"". Forbes.ru (in Russian). 21 September 2012. Retrieved 4 August 2013.
"
188,"Goldstein, R.; Warren, P.; Ball, R. (2012). ""Shape of a Ponytail and the Statistical Physics of Hair Fiber Bundles"" (PDF). Physical Review Letters. 108 (7): 078101. arXiv:1204.0371. Bibcode:2012PhRvL.108g8101G. doi:10.1103/PhysRevLett.108.078101. PMID 22401258. S2CID 31964168.
"
189,"Eerland, A.; Guadalupe, T. M.; Zwaan, R. A. (2011). ""Leaning to the Left Makes the Eiffel Tower Seem Smaller: Posture-Modulated Estimation"". Psychological Science. 22 (12): 1511–1514. doi:10.1177/0956797611420731. PMID 22123776. S2CID 27106730.
"
190,"Crandall, B. D.; Stahl, P. W. (1995). ""Human digestive effects on a micromammalian skeleton"". Journal of Archaeological Science. 22 (6): 789–797. doi:10.1016/0305-4403(95)90008-X.
"
191,"Dacke, M.; Baird, E.; Byrne, M.; Scholtz, C. H.; Warrant, E. J. (2013). ""Dung Beetles Use the Milky Way for Orientation"". Current Biology. 23 (4): 298–300. doi:10.1016/j.cub.2012.12.034. PMID 23352694.
"
192,"Imai, S.; Tsuge, N.; Tomotake, M.; Nagatome, Y.; Sawada, H.; Nagata, T.; Kumagai, H. (2002). ""Plant biochemistry: An onion enzyme that makes the eyes water"". Nature. 419 (6908): 685. Bibcode:2002Natur.419..685I. doi:10.1038/419685a. PMID 12384686. S2CID 4407001.
"
193,"Uchiyama, M.; Jin, X.; Zhang, Q.; Hirai, T.; Amano, A.; Bashuda, H.; Niimi, M. (2012). ""Auditory stimulation of opera music induced prolongation of murine cardiac allograft survival and maintained generation of regulatory CD4+CD25+ cells"". Journal of Cardiothoracic Surgery. 7: 26. doi:10.1186/1749-8090-7-26. PMC 3338095. PMID 22445281.
"
194,"""In Belarus, one-armed man arrested for clapping"". Christian Science Monitor. 8 July 2011.
"
195,"Tolkamp, B. J.; Haskell, M. J.; Langford, F. M.; Roberts, D. J.; Morgan, C. A. (2010). ""Are cows more likely to lie down the longer they stand?"". Applied Animal Behaviour Science. 124 (1–2): 1–10. doi:10.1016/j.applanim.2010.02.004.
"
196,"Minetti, A. E.; Ivanenko, Y. P.; Cappellini, G.; Dominici, N.; Lacquaniti, F. (2012).  Lucia, Alejandro (ed.). ""Humans Running in Place on Water at Simulated Reduced Gravity"". PLOS ONE. 7 (7): e37300. Bibcode:2012PLoSO...737300M. doi:10.1371/journal.pone.0037300. PMC 3399875. PMID 22815681.
"
197,"Bègue, L.; Bushman, B. J.; Zerhouni, O.; Subra, B.; Ourabah, M. (2013). ""'Beauty is in the eye of the beer holder': People who think they are drunk also think they are attractive"". British Journal of Psychology. 104 (2): 225–234. doi:10.1111/j.2044-8295.2012.02114.x. PMID 23560668. S2CID 8354214.
"
198,"Bhanganada, K.; Chayavatana, T.; Pongnumkul, C.; Tonmukayakul, A.; Sakolsatayadorn, P.; Komaratat, K.; Wilde, H. (1983). ""Surgical management of an epidemic of penile amputations in siam"". The American Journal of Surgery. 146 (3): 376–382. doi:10.1016/0002-9610(83)90420-8. PMID 6614331.
"
199,"Reimers, E.; Eftestøl, S. (2012). ""Response Behaviors of Svalbard Reindeer Towards Humans and Humans Disguised as Polar Bears on Edgeøya"". Arctic, Antarctic, and Alpine Research. 44 (4): 483–489. doi:10.1657/1938-4246-44.4.483. S2CID 130355679.
"
200,"Tommaso, M. D.; Sardaro, M.; Livrea, P. (2008). ""Aesthetic value of paintings affects pain thresholds"". Consciousness and Cognition. 17 (4): 1152–1162. doi:10.1016/j.concog.2008.07.002. PMID 18762434. S2CID 1202657.
"
201,"Hart, V.; Nováková, P.; Malkemper, E.; Begall, S.; Hanzal, V. R.; Ježek, M.; Kušta, T. Š.; Němcová, V.; Adámková, J.; Benediktová, K. I.; Červený, J.; Burda, H. (2013). ""Dogs are sensitive to small variations of the Earth's magnetic field"". Frontiers in Zoology. 10 (1): 80. doi:10.1186/1742-9994-10-80. PMC 3882779. PMID 24370002.
"
202,"""Sec 2010: Cambia il sistema dei conti nazionali"" (in Italian). ISTAT. 28 January 2014. Retrieved 22 July 2015. Negli ultimi due anni, pressoché tutti gli aspetti della compilazione dei conti nazionali italiani sono stati sottoposti a verifica e a modifiche finalizzate a migliorarne sia i presupposti metodologici, sia le fonti dei dati. Ne deriva un aumento della robustezza delle misurazioni ma anche l'emergere di revisioni significative per molti aggregati economici (lo stesso livello del Pil, il valore aggiunto settoriale, l'occupazione, ecc.).  Molte di queste innovazioni sono fondate sull'utilizzo di nuove fonti informative, provenienti dall'integrazione tra basi di dati amministrativi e dati di indagine (ad esempio la nuova base di informazioni per le statistiche strutturali di impresa). La disponibilità di basi informative più ricche, che permettono un utilizzo massiccio di dati individuali relativi a imprese e lavoratori, ha contribuito in maniera determinante al ridisegno delle procedure di stima di due degli elementi centrali dei conti nazionali: il modello di definizione dell'input di lavoro e i metodi di misura dell'economia non-osservata e, in particolare, della componente connessa con la sotto dichiarazione dell'attività economica da parte della imprese
"
203,"Humphreys, I.; Saraiya, S.; Belenky, W.; Dworkin, J. (2011). ""Nasal Packing with Strips of Cured Pork as Treatment for Uncontrollable Epistaxis in a Patient with Glanzmann Thrombasthenia"". Annals of Otology, Rhinology, and Laryngology. 120 (11): 732–736. doi:10.1177/000348941112001107. PMID 22224315. S2CID 37412350.
"
204,"Liu, J.; Li, J.; Feng, L.; Li, L.; Tian, J.; Lee, K. (2014). ""Seeing Jesus in toast: Neural and behavioral correlates of face pareidolia"". Cortex. 53: 60–77. doi:10.1016/j.cortex.2014.01.013. PMC 3980010. PMID 24583223.
"
205,"Rubio, R.; Jofré, A.; Martín, B. N.; Aymerich, T.; Garriga, M. (2014). ""Characterization of lactic acid bacteria isolated from infant faeces as potential probiotic starter cultures for fermented sausages"". Food Microbiology. 38: 303–311. doi:10.1016/j.fm.2013.07.015. PMID 24290655.
"
206,"Mabuchi, K.; Tanaka, K.; Uchijima, D.; Sakai, R. (2012). ""Frictional Coefficient under Banana Skin"". Tribology Online. 7 (3): 147–151. doi:10.2474/trol.7.147.
"
207,"Jonason, P. K.; Jones, A.; Lyons, M. (2013). ""Creatures of the night: Chronotypes and the Dark Triad traits"". Personality and Individual Differences. 55 (5): 538–541. doi:10.1016/j.paid.2013.05.001.
"
208,"Penberthy, Natsumi (19 September 2014). ""Aussie wins Ig Nobel with study into the darker side of night owls"". Australian Geographic. The Australian Geographic Society. Retrieved 18 November 2014. This year, Peter K. Jonason from University of Western Sydney, along with two other colleagues, received an Ig Nobel for amassing evidence that people who habitually stay up late are, on average, more self-admiring, more manipulative, and more psychopathic than people who habitually arise early in the morning.  The research team argued, in their study of 263 people, that Dark Triad traits—narcissism, Machiavellianism and psychopathy—were linked to night owl personalities.
"
209,"Hanauer, D. A.; Ramakrishnan, N.; Seyfried, L. S. (2013). ""Describing the Relationship between Cat Bites and Human Depression Using Data from an Electronic Health Record"". PLOS ONE. 8 (8): e70585. Bibcode:2013PLoSO...870585H. doi:10.1371/journal.pone.0070585. PMC 3731284. PMID 23936453.
"
210,"Yuan, T. Z.; Ormonde, C. F. G.; Kudlacek, S. T.; Kunche, S.; Smith, J. N.; Brown, W. A.; Pugliese, K. M.; Olsen, T. J.; Iftikhar, M.; Raston, C. L.; Weiss, G. A. (2015). ""Shear-Stress-Mediated Refolding of Proteins from Aggregates and Inclusion Bodies"". ChemBioChem. 16 (3): 393–396. doi:10.1002/cbic.201402427. PMC 4388321. PMID 25620679.
"
211,"Yang, Patricia J.; Pham, Jonathan; Choo, Jerome; Hu, David L. (2014). ""Duration of urination does not change with body size"". PNAS. 111 (33): 11932–11937. Bibcode:2014PNAS..11111932Y. doi:10.1073/pnas.1402289111. PMC 4143032. PMID 24969420.
"
212,"Dingemanse, M.; Torreira, F.; Enfield, N. J. (2013). ""Is ""Huh?"" a Universal Word? Conversational Infrastructure and the Convergent Evolution of Linguistic Items"". PLOS ONE. 8 (11): e78273. Bibcode:2013PLoSO...878273D. doi:10.1371/journal.pone.0078273. PMC 3832628. PMID 24260108.
"
213,"Bernile, Gennaro; Bhagwat, Vineet; Rau, P. Raghavendra (1 September 2015). ""What Doesn't Kill You Will Only Make You More Risk-Loving: Early-Life Disasters and CEO Behavior"". The Journal of Finance. 72 (1). doi:10.2139/ssrn.2423044. S2CID 219339281.
"
214,"""Thailand Wins 'Ig Nobel' Distinction for Bribing Cops not to Take Bribes"". Khaosod English. 18 September 2015.
"
215,"Kimata, Hajime (November 2003). ""Kissing reduces allergic skin wheal responses and plasma neurotrophin levels"". Physiology & Behavior. 80 (2–3): 395–398. doi:10.1016/j.physbeh.2003.09.004. PMID 14637240. S2CID 13122664.
"
216,"Hajime Kimata (May 2004). ""Reduction of allergic skin weal responses by sexual intercourse in allergic patients"". Sexual and Relationship Therapy. 19 (2): 151–154. doi:10.1080/14681990410001691361. S2CID 145394223.
"
217,"H. Kimata (May 2006). ""Kissing selectively decreases allergen-specific IgE production in atopic patients"". Journal of Psychosomatic Research. 60 (5): 545–547. doi:10.1016/j.jpsychores.2005.09.007. PMID 16650596.
"
218,"Kamodyová, Natália; Durdiaková, Jaroslava; Celec, Peter; Sedláčková, Tatiana; Repiská, Gabriela; Sviežená, Barbara; Minárik, Gabriel (January 2013). ""Prevalence and persistence of male DNA identified in mixed saliva samples after intense kissing"". Forensic Science International: Genetics. 7 (1): 124–128. doi:10.1016/j.fsigen.2012.07.007. PMID 22917815.
"
219,"Oberzaucher, Elisabeth; Grammer, Karl (February 2014).  Attila Szolnoki (ed.). ""The Case of Moulay Ismael – Fact or Fancy?"". PLOS ONE. 9 (2): e85292. Bibcode:2014PLoSO...985292O. doi:10.1371/journal.pone.0085292. PMC 3925083. PMID 24551034.
"
220,"Grossi, Bruno; Iriarte-Díaz, José; Larach, Omar; Canals, Mauricio; Vásquez, Rodrigo A. (February 2014).  Andrew A. Farke (ed.). ""Walking Like Dinosaurs: Chickens with Artificial Tails Provide Clues about Non-Avian Theropod Locomotion"". PLOS ONE. 9 (2): e88458. Bibcode:2014PLoSO...988458G. doi:10.1371/journal.pone.0088458. PMC 3915051. PMID 24505491.
"
221,"Ashdown, H. F.; D'Souza, N.; Karim, D.; Stevens, R. J.; Huang, A.; Harnden, A. (December 2012). ""Pain over speed bumps in diagnosis of acute appendicitis: diagnostic accuracy study"". BMJ. 345: e8012. doi:10.1136/bmj.e8012. PMC 3524367. PMID 23247977.
"
222,"Schmidt, Justin O.; Blum, Murray S.; Overal, William L. (1983). ""Hemolytic activities of stinging insect venoms"". Archives of Insect Biochemistry and Physiology. 1 (2): 155–160. doi:10.1002/arch.940010205.
"
223,"Michael L. Smith (2014). ""Honey bee sting pain index by body location"". PeerJ. 2: e338. doi:10.7717/peerj.338. PMC 3994616. PMID 24765572.
"
224,"Shafik, Ahmed (1993). ""Effect of different types of textiles on sexual activity. Experimental study"". European Urology. 24 (3): 375–80. doi:10.1159/000474332. PMID 8262106.
"
225,"Shafik, Ahmed (May 1992). ""Contraceptive efficacy of polyester-induced azoospermia in normal men"". Contraception. 45 (5): 439–51. doi:10.1016/0010-7824(92)90157-O. PMID 1623716.
"
226,"Avis, Mark; Forbes, Sarah; Ferguson, Shelagh (2014). ""The Brand Personality of Rocks: A Critical Evaluation of a Brand Personality Scale"". Marketing Theory. 14 (4): 451–475. doi:10.1177/1470593113512323. S2CID 147602379.
"
227,"Horváth, Gábor; Blahó, Miklós; Kriska, György; Hegedüs, Ramón; Gerics, Balázs; Farkas, Róbert; Åkesson, Susanne (June 2010). ""An Unexpected Advantage of Whiteness in Horses: The Most Horsefly-Proof Horse Has a Depolarizing White Coat"". Proceedings of the Royal Society B. 277 (1688): 1643–50. doi:10.1098/rspb.2009.2202. PMC 2871857. PMID 20129982.
"
228,"Horváth, Gábor; Malik, Péter; Kriska, György; Wildermuth, Hansruedi (September 2007). ""Ecological Traps for Dragonflies in a Cemetery: The Attraction of Sympetrum species (Odonata: Libellulidae) by Horizontally Polarizing Black Grave-Stones"". Freshwater Biology. 52 (9): 1700–1709. doi:10.1111/j.1365-2427.2007.01798.x. S2CID 29452669.
"
229,"Helmchen, Christoph; Palzer, Carina; Münte, Thomas F.; Anders, Silke; Sprenger, Andres (November 2013). ""Itch Relief by Mirror Scratching. A Psychophysical Study"". PLOS ONE. 8 (12): e82756. Bibcode:2013PLoSO...882756H. doi:10.1371/journal.pone.0082756. PMC 3873464. PMID 24386113.
"
230,"Debey, Evelyne; De Schryver, Maarten; Logan, Gordon D.; Suchotzki, Christina; Verschuere, Bruno (September 2015). ""From junior to senior Pinocchio: A cross-sectional lifespan investigation of deception"" (PDF). Acta Psychologica. 160: 58–68. doi:10.1016/j.actpsy.2015.06.007. PMID 26182909.
"
231,"Pennycook, Gordon; Cheyne, James Allan; Barr, Nathaniel; Koehler, Derek J.; Fugelsang, Jonathan A. (November 2015). ""On the Reception and Detection of Pseudo-Profound Bullshit"". Judgment and Decision Making. 10 (6): 549–563.
"
232,"Higashiyama, Atsuki; Adachi, Kohei (November 2006). ""Perceived size and perceived distance of targets viewed from between the legs: Evidence for proprioceptive theory"". Vision Res. 46 (23): 3961–76. doi:10.1016/j.visres.2006.04.002. PMID 16979687. S2CID 18168744.
"
233,"""2017 Ig Nobel Prizes | September 18, 2017 Issue – Vol. 95 Issue 37 | Chemical & Engineering News"". cen.acs.org.
"
234,"Fardin, Marc-Antoine (July 2014). ""On the Rheology of Cats"" (PDF). Rheology Bulletin. 83 (2): 16–17, 30. ISSN 0035-4538. Archived from the original on 20 December 2018.
"
235,"Puhan, Milo A; Suarez, Alex; Cascio, Christian Lo; Zahn, Alfred; Heitz, Markus; Braendli, Otto (4 February 2006). ""Didgeridoo playing as alternative treatment for obstructive sleep apnoea syndrome: randomised controlled trial"". BMJ. 332 (7536): 266–270. doi:10.1136/bmj.38705.470590.55. ISSN 0959-8138. PMC 1360393. PMID 16377643.
"
236,"Rockloff, Matthew J.; Greer, Nancy (December 2010). ""Never Smile at a Crocodile: Betting on Electronic Gaming Machines is Intensified by Reptile-Induced Arousal"". Journal of Gambling Studies. 26 (4): 571–581. doi:10.1007/s10899-009-9174-4. ISSN 1050-5350. PMID 20052606. S2CID 5354413.
"
237,"Heathcote, James A. (23 December 1995). ""Why Do Old Men Have Big Ears?"". BMJ. 311 (7021): 1668. doi:10.1136/bmj.311.7021.1668. ISSN 0959-8138. PMC 2539087. PMID 8541753.
"
238,"Yoshizawa, Kazunori; Ferreira, Rodrigo L.; Kamimura, Yoshitaka; Lienhard, Charles (May 2014). ""Female Penis, Male Vagina, and Their Correlated Evolution in a Cave Insect"". Current Biology. 24 (9): 1006–1010. doi:10.1016/j.cub.2014.03.022. PMID 24746797.
"
239,"Han, Jiwon (June 2016). ""A Study on the Coffee Spilling Phenomena in the Low Impulse Regime"". Achievements in the Life Sciences. 10 (1): 87–101. doi:10.1016/j.als.2016.05.009.
"
240,"Ito, Fernanda; Bernard, Enrico; Torres, Rodrigo A. (1 December 2016). ""What is for Dinner? First Report of Human Blood in the Diet of the Hairy-Legged Vampire Bat Diphylla ecaudata"". Acta Chiropterologica. 18 (2): 509. doi:10.3161/15081109ACC2016.18.2.017. ISSN 1508-1109. S2CID 88845021.
"
241,"Royet, Jean-Pierre; Meunier, David; Torquet, Nicolas; Mouly, Anne-Marie; Jiang, Tao (17 October 2016). ""The Neural Bases of Disgust for Cheese: An fMRI Study"". Frontiers in Human Neuroscience. 10: 511. doi:10.3389/fnhum.2016.00511. ISSN 1662-5161. PMC 5065955. PMID 27799903.
"
242,"Martini, Matteo; Bufalari, Ilaria; Stazi, Maria Antonietta; Aglioti, Salvatore Maria (8 April 2015).  Hills, Peter James (ed.). ""Is That Me or My Twin? Lack of Self-Face Recognition Advantage in Identical Twins"". PLOS ONE. 10 (4): e0120900. Bibcode:2015PLoSO..1020900M. doi:10.1371/journal.pone.0120900. ISSN 1932-6203. PMC 4390198. PMID 25853249.
"
243,"López-Teijón, Marisa; García-Faura, Álex; Prats-Galino, Alberto (November 2015). ""Fetal facial expression in response to intravaginal music emission"". Ultrasound. 23 (4): 216–223. doi:10.1177/1742271X15609367. ISSN 1742-271X. PMC 4616906. PMID 26539240.
"
244,"""Improbable Research"". 6 February 2022.
"
245,"Mitchell, Marc A. (2016). ""Validation of a Functional Pyelocalyceal Renal Model for the Evaluation of Renal Calculi Passage While Riding a Roller Coaster"". The Journal of the American Osteopathic Association. 116 (10): 647–52. doi:10.7556/jaoa.2016.128. PMID 27669068.
"
246,"Persson, Tomas; Sauciuc, Gabriela-Alina; Alenkær Madsen, Elainie (2018). ""Spontaneous cross-species imitation in interactions between chimpanzees and zoo visitors"". Primates. 59 (1): 19–29. doi:10.1007/s10329-017-0624-9. PMC 5740201. PMID 28815382.
"
247,"Becher, Paul G.; Lebreton, Sebastien; Wallin, Erika A.; Hedenström, Erik; Borrero, Felipe; Bengtsson, Marie; Joerger, Volker; Witzgall, Peter (2018). ""The Scent of the Fly"". Journal of Chemical Ecology. 44 (5): 431–435. doi:10.1007/s10886-018-0950-4. PMID 29611073. S2CID 4560561.
"
248,"Romão, Paula M. S.; Alarcão, Adília M.; Viana, César A. N.; Romao, Paula M. S.; Alarcao, Adilia M.; Viana, Cesar A. N. (1990). ""Human Saliva as a Cleaning Agent for Dirty Surfaces"". Studies in Conservation. 35 (3): 153. doi:10.2307/1506167. JSTOR 1506167.
"
249,"Horiuchi, Akira; Nakayama, Yoshiko (2006). ""Colonoscopy in the sitting position: lessons learned from self-colonoscopy by using a small-caliber, variable-stiffness colonoscope"". Gastrointestinal Endoscopy. 63 (1): 119–120. doi:10.1016/j.gie.2005.10.014. PMID 16377328.
"
250,"Blackler, Alethea L.; Gomez, Rafael; Popovic, Vesna; Thompson, M. Helen (2016). ""Life Is Too Short to RTFM: How Users Relate to Documentation and Excess Features in Consumer Products"" (PDF). Interacting with Computers. 28: 27–46. doi:10.1093/iwc/iwu023.
"
251,"Cole, James (2017). ""Assessing the calorific significance of episodes of human cannibalism in the Palaeolithic"". Scientific Reports. 7: 44707. Bibcode:2017NatSR...744707C. doi:10.1038/srep44707. PMC 5382840. PMID 28383521.
"
252,"""La Justicia en el Tráfico: Conocimiento y Valoración de la Población Española"" [""Justice in Traffic: Knowledge and Valuation of the Spanish Population"")], F. Alonso, J. Sanmartín, C. Calatayud, C. Esteban, B. Alamar, and M. L. Ballestar, Cuadernos de Reflexión Attitudes, 2005. doi:?
"
253,"Barry, John M.; Blank, Bruce; Boileau, Michael (1980). ""Nocturnal penile tumescence monitoring with stamps"". Urology. 15 (2): 171–172. doi:10.1016/0090-4295(80)90414-8. PMID 7355543.
"
254,"Liang, Lindie H.; Brown, Douglas J.; Lian, Huiwen; Hanig, Samuel; Ferris, D. Lance; Keeping, Lisa M. (2018). ""Righting a wrong: Retaliation on a voodoo doll symbolizing an abusive supervisor restores justice"". The Leadership Quarterly. 29 (4): 443–456. doi:10.1016/j.leaqua.2018.01.004.
"
255,"""Announcing the 2019 Ig Nobel Prize Winners"". Improbable Research. 13 September 2019. Retrieved 13 September 2019.
"
256,"Gallus, Silvano; Bosetti, Cristina; Negri, Eva; Talamini, Renato; Montella, Maurizio; Conti, Ettore; Franceschi, Silvia; Vecchia, Carlo La (2003). ""Does pizza protect against cancer?"". International Journal of Cancer. 107 (2): 283–284. doi:10.1002/ijc.11382. ISSN 1097-0215. PMID 12949808. S2CID 23775396.
"
257,"Levy, Martin; Pryor, Karen; McKeon, Theresa (April 2016). ""Is Teaching Simple Surgical Skills Using an Operant Learning Program More Effective Than Teaching by Demonstration"". Clinical Orthopaedics and Related Research. 474 (4): 945–955. doi:10.1007/s11999-015-4555-8. PMC 4773331. PMID 26369658.
"
258,"Kong, Ling-Jun; Crepaz, Herbert; Górecka, Agnieszka; Urbanek, Aleksandra; Dumke, Rainer; Paterek, Tomasz (2018). ""In-Vivo Biomagnetic Characterisation of the American Cockroach"". Scientific Reports. 8 (1): 5140. arXiv:1702.00538. Bibcode:2018NatSR...8.5140K. doi:10.1038/s41598-018-23005-1. PMC 5865160. PMID 29572509.
"
259,"Bengoudifa, B.; Mieusset, R. (1 August 2007). ""Thermal asymmetry of the human scrotum"". Human Reproduction. 22 (8): 2178–2182. doi:10.1093/humrep/dem133. ISSN 0268-1161. PMID 17623724.
"
260,"Watanabe, S.; Ohnishi, M.; Imai, K.; Kawano, E.; Igarashi, S. (1 August 1995). ""Estimation of the total saliva volume produced per day in five-year-old children"". Archives of Oral Biology. 40 (8): 781–782. doi:10.1016/0003-9969(95)00026-L. ISSN 0003-9969. PMID 7487581.
"
261,"""Infant washer and diaper-changer apparatus and method"" (PDF). www.freepatentsonline.com. Retrieved 30 September 2019.
"
262,"Gedik, Habip; Voss, Timothy A.; Voss, Andreas (28 August 2013). ""Money and transmission of bacteria"". Antimicrobial Resistance and Infection Control. 2 (1): 22. doi:10.1186/2047-2994-2-22. ISSN 2047-2994. PMC 3765964. PMID 23985137.
"
263,"Saif, G. A. bin; Papoiu, A. D. P.; Banari, L.; McGlone, F.; Kwatra, S. G.; Chan, Y.-H.; Yosipovitch, G. (2012). ""The pleasurability of scratching an itch: a psychophysical and topographical assessment"". British Journal of Dermatology. 166 (5): 981–985. doi:10.1111/j.1365-2133.2012.10826.x. ISSN 1365-2133. PMC 3335970. PMID 22242789.
"
264,"Strack, Fritz; Martin, Leonard L.; Stepper, Sabine (1988). ""Inhibiting and facilitating conditions of the human smile: A nonobtrusive test of the facial feedback hypothesis"". Journal of Personality and Social Psychology. 54 (5): 768–777. doi:10.1037/0022-3514.54.5.768. ISSN 1939-1315. PMID 3379579. S2CID 15291233.
"
265,"Strack, Fritz (2017). ""From Data to Truth in Psychological Science. A Personal Perspective"". Frontiers in Psychology. 8: 702. doi:10.3389/fpsyg.2017.00702. ISSN 1664-1078. PMC 5432643. PMID 28559859.
"
266,"""71st Annual Meeting of the APS Division of Fluid Dynamics – Event – How do wombats make cubed poo?"". Bulletin of the American Physical Society. American Physical Society. 63 (13).
"
267,"""Ig Nobel Prize Winners"". Improbable Research. 1 August 2006.
"
268,"Reber, Stephan A.; Nishimura, Takeshi; Janisch, Judith; Robertson, Mark; Fitch, W. Tecumseh (1 August 2015). ""A Chinese alligator in heliox: formant frequencies in a crocodilian"". Journal of Experimental Biology. 218 (15): 2442–2447. doi:10.1242/jeb.119552. ISSN 0022-0949. PMC 4528706. PMID 26246611.
"
269,"Giacomin, Miranda; Rule, Nicholas O. (2019). ""Eyebrows cue grandiose narcissism"". Journal of Personality. 87 (2): 373–385. doi:10.1111/jopy.12396. ISSN 1467-6494. PMID 29729185. S2CID 19150980.
"
270,"Safi, Michael (16 March 2018). ""Pakistan recalls envoy from India in ding-dong over harassment claims"". The Guardian. Retrieved 17 March 2021.
"
271,"Maksymov, Ivan S.; Pototsky, Andrey (22 May 2020). ""Excitation of Faraday-like body waves in vibrated living earthworms"". Scientific Reports. 10 (1): 8564. arXiv:1912.07593. Bibcode:2020NatSR..10.8564M. doi:10.1038/s41598-020-65295-4. ISSN 2045-2322. PMC 7244598. PMID 32444625.
"
272,"Watkins, Christopher D.; Leongómez, Juan David; Bovet, Jeanne; Żelaźniewicz, Agnieszka; Korbmacher, Max; Varella, Marco Antônio Corrêa; Fernandez, Ana Maria; Wagstaff, Danielle; Bolgan, Samuela (30 April 2019). ""National income inequality predicts cultural variation in mouth to mouth kissing"". Scientific Reports. 9 (1): 6698. Bibcode:2019NatSR...9.6698W. doi:10.1038/s41598-019-43267-7. ISSN 2045-2322. PMC 6491799. PMID 31040378.
"
273,"Vetter, Richard S. (1 July 2013). ""Arachnophobic Entomologists: When Two More Legs Makes a Big Difference"". American Entomologist. 59 (3): 168–175. doi:10.1093/ae/59.3.168. ISSN 1046-2821.
"
274,"Schröder, Arjan; Vulink, Nienke; Denys, Damiaan (23 January 2013). ""Misophonia: Diagnostic Criteria for a New Psychiatric Disorder"". PLOS ONE. 8 (1): e54706. Bibcode:2013PLoSO...854706S. doi:10.1371/journal.pone.0054706. ISSN 1932-6203. PMC 3553052. PMID 23372758.
"
275,"Schröder, Arjan E.; Vulink, Nienke C.; van Loon, Arnoud J.; Denys, Damiaan A. (1 August 2017). ""Cognitive behavioral therapy is effective in misophonia: An open trial"". Journal of Affective Disorders. 217: 289–294. doi:10.1016/j.jad.2017.04.017. ISSN 0165-0327. PMID 28441620.
"
276,"Eren, Metin I.; Bebber, Michelle R.; Norris, James D.; Perrone, Alyssa; Rutkoski, Ashley; Wilson, Michael; Raghanti, Mary Ann (1 October 2019). ""Experimental replication shows knives manufactured from frozen human feces do not work"". Journal of Archaeological Science: Reports. 27: 102002. doi:10.1016/j.jasrep.2019.102002. ISSN 2352-409X.
"
277,"The 31st First Annual Ig Nobel Prize Ceremony 2021, archived from the original on 12 December 2021, retrieved 10 September 2021
"
278,"""Past Ig Winners"". Improbable Research. 1 August 2006. Retrieved 10 September 2021.
"
279,"Schötz, Susanne; Eklund, Robert (2011). ""A comparative acoustic analysis of purring in four cats"" (PDF). Quarterly Progress and Status Report TMH-QPSR, Volume 51, 2011. Proceedings from Fonetik 2011. Royal Institute of Technology, Stockholm, Sweden, 8–10 June 2011: 9–12.
"
280,"Schötz, Susanne (2012). ""A phonetic pilot study of vocalisations in three cats"". Proceedings from FONETIK 2012. University of Gothenburg: 45–48.
"
281,"Schötz, Susanne (2013). ""A phonetic pilot study of chirp, chatter, tweet and tweedle in three domestic cats"". Proceedings of Fonetik 2013 (R. Eklund, Ed.). Linköping University, Linköping, Sweden, 12–13 June 2013: 65–68.
"
282,"Schötz, Susanne; van de Weijer, Joost (2014). ""A Study of Human Perception of Intonation in Domestic Cat Meows"" (PDF). Proceedings of the 7th International Conference on Speech Prosody (N. Campbell, D. Gibbon and D. Hirst (Eds.). Dublin, Ireland, 20–23 May 2014.
"
283,"Schötz, Susanne; Eklund, Robert; van de Weijer, Joost (2016). ""Melody in Human-Cat Communication (Meowsic): Origins, Past, Present and Future"" (PDF). Proceedings of Fonetik 2016, TMH-QPSR 57(1). KTH Royal Institute of Technology, Stockholm, Sweden, 13–15 June 2016: 19–24.
"
284,"Satari, Leila; Guillén, Alba; Vidal-Verdú, Àngela; Porcar, Manuel (8 October 2020). ""The wasted chewing gum bacteriome"". Scientific Reports. 10 (1): 16846. Bibcode:2020NatSR..1016846S. doi:10.1038/s41598-020-73913-4. ISSN 2045-2322. PMC 7545173. PMID 33033386.
"
285,"Stönner, C.; Edtbauer, A.; Derstroff, B.; Bourtsoukidis, E.; Klüpfel, T.; Wicker, J.; Williams, J. (11 October 2018). ""Proof of concept study: Testing human volatile organic compounds as tools for age classification of films"". PLOS ONE. 13 (10): e0203044. Bibcode:2018PLoSO..1303044S. doi:10.1371/journal.pone.0203044. ISSN 1932-6203. PMC 6181293. PMID 30307954.
"
286,"Blavatskyy, Pavlo (2021). ""Obesity of politicians and corruption in post-Soviet countries"". Economics of Transition and Institutional Change. 29 (2): 343–356. doi:10.1111/ecot.12259. ISSN 2577-6983. S2CID 225574749.
"
287,"Bulut, Olcay Cem; Oladokun, Dare; Lippert, Burkard M.; Hohenberger, Ralph (4 January 2021). ""Can Sex Improve Nasal Function?—An Exploration of the Link Between Sex and Nasal Function"". Ear, Nose & Throat Journal: 0145561320981441. doi:10.1177/0145561320981441. ISSN 0145-5613. PMID 33393816. S2CID 230488367.
"
288,"Beseris, E A; Naleway, S E; Carrier, D R (1 January 2020). ""Impact Protection Potential of Mammalian Hair: Testing the Pugilism Hypothesis for the Evolution of Human Facial Hair"". Integrative Organismal Biology. 2 (1): obaa005. doi:10.1093/iob/obaa005. ISSN 2517-4843. PMC 7671116. PMID 33791549.
"
289,"Corbetta, Alessandro; Meeusen, Jasper A.; Lee, Chung-min; Benzi, Roberto; Toschi, Federico (14 December 2018). ""Physics-based modeling and data representation of pairwise interactions among pedestrians"". Physical Review E. 98 (6): 062310. arXiv:1808.02466. Bibcode:2018PhRvE..98f2310C. doi:10.1103/PhysRevE.98.062310. S2CID 119064454.
"
290,"Murakami, Hisashi; Feliciani, Claudio; Nishiyama, Yuta; Nishinari, Katsuhiro (March 2021). ""Mutual anticipation can contribute to self-organization in human crowds"". Science Advances. 7 (12): eabe7758. Bibcode:2021SciA....7.7758M. doi:10.1126/sciadv.abe7758. PMC 7968841. PMID 33731351.
"
291,"Mulrennan, J. A.; Grothaus, R. H.; Hammond, C. L.; Lamdin, J. M. (15 October 1971). ""A New Method of Cockroach Control on Submarines12"". Journal of Economic Entomology. 64 (5): 1196–1198. doi:10.1093/jee/64.5.1196. ISSN 1938-291X. PMID 5122339.
"
292,"Radcliffe, Robin W.; Jago, Mark; Morkel, Peter vdB; Morkel, Estelle; du Preez, Pierre; Beytell, Piet; Kotting, Birgit; Manuel, Bakker; du Preez, Jan Hendrik; Miller, Michele A.; Felippe, Julia (25 March 2021). ""The Pulmonary and Metabolic Effects of Suspension by the Feet Compared with Lateral Recumbency in Immobilized Black Rhinoceroses (Diceros Bicornis) Captured by Aerial Darting"". Journal of Wildlife Diseases. 57 (2): 357–367. doi:10.7589/2019-08-202. ISSN 0090-3558. PMID 33822147. S2CID 232357722.
"
293,"""2022 Ceremony"". improbable.com. 25 May 2022. Retrieved 16 September 2022.
"
294,"Prochazkova, E.; Sjak-Shie, E.; Behrens, F.; Lindh, D.; Kret, M. E. (1 November 2021). ""Physiological synchrony is associated with attraction in a blind date setting"". Nature Human Behaviour. 6 (2): 269–278. doi:10.1038/s41562-021-01197-3. ISSN 2397-3374.
"
295,"Martínez, Eric; Mollica, Francis; Gibson, Edward (1 July 2022). ""Poor writing, not specialized concepts, drives processing difficulty in legal language"". Cognition. 224: 105070. doi:10.1016/j.cognition.2022.105070. ISSN 0010-0277.
"
296,"García‐Hernández, Solimary; Machado, Glauco (4 December 2021). ""Short‐ and long‐term effects of an extreme case of autotomy: does ""tail"" loss and subsequent constipation decrease the locomotor performance of male and female scorpions?"". Integrative Zoology: 1749–4877.12604. doi:10.1111/1749-4877.12604. ISSN 1749-4877.
"
297,"Jasiński, Marcin; Maciejewska, Martyna; Brodziak, Anna; Górka, Michał; Skwierawska, Kamila; Jędrzejczak, Wiesław W.; Tomaszewska, Agnieszka; Basak, Grzegorz W.; Snarski, Emilian (18 November 2021). ""Ice-cream used as cryotherapy during high-dose melphalan conditioning reduces oral mucositis after autologous hematopoietic stem cell transplantation"". Scientific Reports. 11 (1): 22507. doi:10.1038/s41598-021-02002-x. ISSN 2045-2322.
"
298,"""Japanese researchers win Ig Nobel for research on knob turning | NHK WORLD-JAPAN News"". NHK WORLD. Retrieved 16 September 2022.
"
299,"de Smet, Peter A. G. M.; Hellmuth, Nicholas M. (1 June 1986). ""A multidisciplinary approach to ritual enema scenes on ancient Maya pottery"". Journal of Ethnopharmacology. 16 (2): 213–262. doi:10.1016/0378-8741(86)90091-7. ISSN 0378-8741.
"
300,"Swimming, Symposium on Mechanics and Physiology of Animal (15 September 1994). The Mechanics and Physiology of Animal Swimming. Cambridge University Press. ISBN 978-0-521-46078-1.
"
301,"Yuan, Zhi-Ming; Chen, Minglu; Jia, Liabing; Ji, Chunyan; Incecik, Atilla (2021). ""Wave-riding and wave-passing by ducklings in formation swimming"". Journal of Fluid Mechanics. 928 (R2). doi:10.1017/jfm.2021.820.
"
302,"Wu, Junhui; Számadó, Szabolcs; Barclay, Pat; Beersma, Bianca; Dores Cruz, Terence D.; Iacono, Sergio Lo; Nieper, Annika S.; Peters, Kim; Przepiorka, Wojtek; Tiokhin, Leo; Van Lange, Paul A. M. (22 November 2021). ""Honesty and dishonesty in gossip strategies: a fitness interdependence analysis"". Philosophical Transactions of the Royal Society B: Biological Sciences. 376 (1838): 20200300. doi:10.1098/rstb.2020.0300. PMC 8487735. PMID 34601905.
"
303,"Biondo, A. Pluchino A. E.; Rapisarda, A. (20 February 2018). ""Talent vs Luck: the role of randomness in success and failure"". Advances in Complex Systems. 21 (03n04): 1850014. doi:10.1142/S0219525918500145. ISSN 0219-5259.
"
304,"""Swedish moose crash-test dummy wins spoof Ig Nobel prize"". BBC News. 16 September 2022. Retrieved 16 September 2022.
"
305,"Gens, Magnus (2001). Moose crash test dummy : master's thesis. Statens väg- och transportforskningsinstitut.
"
306,"""The Nobel Prize in Physics 2010"". Retrieved 17 September 2022
"
